--
-- Host: 127.0.0.1 localhost    Database: locateme2
-- ------------------------------------------------------
--
use locateme2;

CREATE TABLE `alerta_emision` (
  `idemision_alerta` int NOT NULL AUTO_INCREMENT,
  `idusuario` int NOT NULL,
  `idtipo_alerta` int NOT NULL,
  `aler_latitud` varchar(100) NOT NULL,
  `aler_longitud` varchar(100) NOT NULL,
  `aler_fecha` datetime NOT NULL DEFAULT CURRENT_TIMESTAMP,
  `aler_estado` varchar(1) NOT NULL DEFAULT 'A',
  PRIMARY KEY (`idemision_alerta`),
  KEY `fkidusuario` (`idusuario`),
  KEY `idtipo_alerta` (`idtipo_alerta`),
  CONSTRAINT `alerta_emision_ibfk_1` FOREIGN KEY (`idtipo_alerta`) REFERENCES `tipo_alerta` (`idtipo_alerta`),
  CONSTRAINT `alerta_emision_ibfk_2` FOREIGN KEY (`idusuario`) REFERENCES `usuario` (`idusuario`),
  CONSTRAINT `alerta_emision_ibfk_3` FOREIGN KEY (`idtipo_alerta`) REFERENCES `tipo_alerta` (`idtipo_alerta`),
  CONSTRAINT `alerta_emision_ibfk_4` FOREIGN KEY (`idusuario`) REFERENCES `usuario` (`idusuario`)
) ENGINE=InnoDB AUTO_INCREMENT=150 DEFAULT CHARSET=utf8mb3;
/*!40101 SET character_set_client = @saved_cs_client */;

INSERT INTO `alerta_emision` VALUES (1,150,1,'20.137196','-98.3471273','2021-04-29 22:27:37','I'),(2,163,5,'19.926735','-99.3454418','2021-04-29 22:29:13','I'),(4,163,3,'19.9267485','-99.345427','2021-04-29 22:44:12','I'),(5,163,5,'19.9267501','-99.3454294','2021-04-29 22:47:30','I'),(12,150,3,'19.9267484','-99.3454346','2021-04-29 23:46:56','I'),(13,150,5,'19.9267484','-99.3454346','2021-04-29 23:47:33','I'),(14,150,1,'19.9267484','-99.3454346','2021-04-29 23:48:15','I'),(15,163,4,'19.926752','-99.3454328','2021-04-30 00:13:20','I'),(16,165,2,'19.4341089','-99.2512686','2021-05-03 19:58:50','I'),(17,152,5,'19.9267637','-99.3454304','2021-05-14 23:16:41','I'),(18,152,2,'19.9267631','-99.345445','2021-05-14 23:17:04','I'),(20,152,2,'19.926765','-99.3454482','2021-05-14 23:47:45','I'),(22,152,2,'19.9267672','-99.3454471','2021-05-15 00:21:45','I'),(23,152,2,'19.9267672','-99.345447','2021-05-15 00:22:03','I'),(24,152,6,'19.9267672','-99.345447','2021-05-15 00:22:29','I'),(25,152,6,'19.9267674','-99.3454467','2021-05-15 00:23:00','I'),(26,152,1,'19.9267673','-99.3454467','2021-05-15 00:23:57','I'),(28,152,2,'19.9267608','-99.3454501','2021-05-15 00:25:14','I'),(29,150,3,'19.9267676','-99.3454444','2021-05-15 00:42:22','I'),(30,150,3,'19.9267676','-99.3454444','2021-05-15 00:42:54','A'),(31,150,4,'19.9267676','-99.3454444','2021-05-15 00:44:29','A'),(32,150,2,'19.926767','-99.3454442','2021-05-15 00:48:43','A'),(33,150,6,'19.926767','-99.3454442','2021-05-15 00:50:16','A'),(35,150,2,'19.9267727','-99.345422','2021-05-19 22:36:33','A'),(37,152,2,'19.9267503','-99.3454339','2021-05-19 23:07:51','I'),(41,152,3,'19.9267584','-99.3454369','2021-05-20 00:28:04','I'),(42,152,1,'19.9267587','-99.3454369','2021-05-20 00:28:52','I'),(44,150,6,'19.9267592','-99.3454367','2021-05-20 00:31:45','A'),(45,150,4,'19.9267604','-99.3454469','2021-05-20 02:55:59','A'),(46,150,1,'19.9267604','-99.3454469','2021-05-20 02:58:03','A'),(47,150,4,'19.9268165','-99.3454278','2021-05-25 22:42:54','A'),(48,150,5,'19.9268165','-99.3454278','2021-05-25 22:43:18','A'),(49,185,1,'19.9267665','-99.3454144','2021-05-25 22:51:49','I'),(50,185,2,'19.9267667','-99.3454147','2021-05-25 22:52:18','A'),(51,150,3,'19.9267913','-99.3453649','2021-05-26 04:30:02','A'),(52,150,1,'19.9267837','-99.3453864','2021-05-26 18:09:34','A'),(53,150,2,'19.9267837','-99.3453864','2021-05-26 18:09:57','A'),(54,150,6,'19.9267547','-99.34545','2021-05-26 18:45:31','A'),(55,152,1,'19.9267947','-99.3454459','2021-05-26 18:46:38','A'),(56,152,6,'19.9268125','-99.3454214','2021-05-26 20:01:38','A'),(57,152,5,'19.9268098','-99.3454795','2021-05-26 20:02:35','A'),(58,152,5,'19.9268088','-99.345477','2021-05-26 20:03:14','A'),(59,152,5,'19.9268089','-99.3454768','2021-05-26 20:03:39','A'),(60,152,6,'19.9268042','-99.3454716','2021-05-26 20:05:04','A'),(61,152,1,'19.9267743','-99.3454445','2021-05-26 20:18:06','A'),(62,152,5,'19.9267602','-99.3454487','2021-05-26 20:21:19','A'),(63,152,3,'19.9267683','-99.3454474','2021-05-26 21:36:39','A'),(64,186,4,'19.9267675','-99.3454488','2021-05-28 18:44:32','I'),(65,187,6,'19.9267438','-99.3454307','2021-05-28 18:49:47','I'),(66,150,1,'20.0637689','-98.4220936','2021-11-03 13:24:40','A'),(67,150,3,'20.0637689','-98.4220936','2021-11-03 13:26:02','A'),(68,150,2,'20.0637689','-98.4220936','2021-11-03 13:39:38','A'),(69,150,2,'20.0637689','-98.4220936','2021-11-03 13:39:57','A'),(70,150,2,'20.0637361','-98.4220975','2021-11-04 22:51:12','A'),(71,150,2,'20.0637361','-98.4220975','2021-11-04 22:51:27','A'),(72,150,2,'20.0637361','-98.4220975','2021-11-04 22:51:51','A'),(73,150,2,'20.0637361','-98.4220975','2021-11-04 22:53:03','A'),(74,150,4,'20.0637361','-98.4220975','2021-11-04 22:58:27','A'),(75,150,4,'20.0637361','-98.4220975','2021-11-04 22:59:16','A'),(76,150,4,'20.0637361','-98.4220975','2021-11-04 23:00:35','A'),(77,1719110312,1,'20.0637569','-98.4220908','2021-11-05 01:01:07','I'),(78,1719110312,1,'20.0637569','-98.4220908','2021-11-05 01:01:10','I'),(79,1719110312,1,'20.0637569','-98.4220908','2021-11-05 01:01:11','I'),(80,1719110312,1,'20.0637569','-98.4220908','2021-11-05 01:01:11','I'),(81,1719110312,1,'20.0637569','-98.4220908','2021-11-05 01:01:12','A'),(82,1719110312,1,'20.0637569','-98.4220908','2021-11-05 01:01:12','A'),(83,1719110312,1,'20.0637568','-98.4221017','2021-11-05 11:18:59','A'),(84,1719110312,1,'20.0637568','-98.4221017','2021-11-05 11:20:23','I'),(85,1719110312,2,'20.0637349','-98.4219875','2021-11-09 11:28:17','A'),(86,1719110312,2,'20.0637349','-98.4219875','2021-11-09 11:30:04','A'),(87,1719110312,2,'20.0642525','-98.4227795','2021-11-09 11:30:43','A'),(88,1719110312,2,'20.0638778','-98.4222851','2021-11-09 11:41:16','I'),(89,1719110312,2,'20.0638778','-98.4222851','2021-11-09 11:41:37','A'),(90,1719110312,2,'20.0638778','-98.4222851','2021-11-09 11:41:56','A'),(91,1719110312,2,'20.0638778','-98.4222851','2021-11-09 11:42:23','A'),(92,1719110312,2,'20.0638778','-98.4222851','2021-11-09 11:42:30','A'),(93,1719110312,2,'20.0638778','-98.4222851','2021-11-09 11:57:51','A'),(94,1719110312,2,'20.0638778','-98.4222851','2021-11-09 12:02:35','A'),(95,1719110312,2,'20.063755','-98.4221024','2021-11-09 13:39:23','I'),(96,1719110312,2,'20.0637482','-98.4221013','2021-11-09 14:18:31','I'),(97,1719110312,2,'20.0637482','-98.4221013','2021-11-09 14:18:31','I'),(98,1719110312,2,'20.0637577','-98.4221005','2021-11-09 14:41:34','I'),(99,1719110312,1,'20.0637603','-98.4221073','2021-11-10 09:33:31','I'),(100,1719110312,1,'20.0638165','-98.422099','2021-11-10 10:02:22','A'),(101,1719110312,1,'20.0638165','-98.422099','2021-11-10 10:11:40','A'),(102,1719110312,1,'20.0638165','-98.422099','2021-11-10 10:11:40','A'),(103,1719110312,1,'20.0638165','-98.422099','2021-11-10 10:11:42','I'),(104,1719110312,1,'20.0638165','-98.422099','2021-11-10 10:11:42','I'),(105,1719110312,1,'20.0638165','-98.422099','2021-11-10 10:11:42','A'),(106,1719110312,1,'20.0638165','-98.422099','2021-11-10 10:11:42','A'),(107,1719110312,1,'20.0638165','-98.422099','2021-11-10 10:37:55','I'),(108,1719110310,3,'20.0637797','-98.4220819','2021-11-23 14:17:32','A'),(109,1719110310,2,'20.0637835','-98.422071','2021-11-23 14:18:04','A'),(110,1719110310,1,'20.0635467','-98.4217336','2021-11-23 14:39:03','A'),(111,1719110305,4,'20.0638135','-98.4220292','2021-11-23 14:39:11','A'),(112,1719110310,1,'20.0637792','-98.4221689','2021-11-23 14:40:44','A'),(113,1719110310,1,'20.0637818','-98.4222183','2021-11-23 14:40:48','A'),(114,1719110305,4,'20.0637647','-98.4220604','2021-11-23 14:41:16','A'),(115,1719110310,1,'20.0637143','-98.4222168','2021-11-23 14:43:24','A'),(116,1719110310,1,'20.0638104','-98.4220123','2021-11-23 14:45:21','A'),(117,1719110310,1,'20.0637349','-98.4220786','2021-11-23 14:52:57','A'),(118,1719110310,1,'20.063745','-98.422074','2021-11-23 14:53:06','A'),(119,1719110312,1,'20.063814','-98.4220384','2021-11-23 15:16:41','A'),(120,1719110305,3,'20.0637463','-98.4220826','2021-11-23 15:16:49','A'),(121,1719110310,6,'20.0638124','-98.4220198','2021-11-23 15:17:00','A'),(122,1719110305,3,'20.0637883','-98.4220791','2021-11-23 15:18:01','A'),(123,1719110312,3,'20.0637728','-98.4220632','2021-11-23 15:18:42','I'),(124,1719110305,4,'20.0637669','-98.4220802','2021-11-23 15:18:48','A'),(125,1719110310,4,'20.0638078','-98.4220163','2021-11-23 15:18:56','I'),(126,1719110312,3,'20.0636513','-98.4231418','2021-11-23 15:23:03','A'),(127,1719110310,4,'20.0633812','-98.4222696','2021-11-23 15:23:11','A'),(128,1719110305,4,'20.0637867','-98.4220805','2021-11-23 15:23:18','A'),(129,1719110312,3,'20.0636717','-98.42296','2021-11-23 15:23:23','A'),(130,1719110310,4,'20.0633585','-98.4219897','2021-11-23 15:23:35','A'),(131,1719110310,4,'20.0638029','-98.4220302','2021-11-23 15:29:56','I'),(132,1719110312,3,'20.0637923','-98.4220655','2021-11-23 15:30:50','A'),(133,1719110305,3,'20.0637446','-98.4220715','2021-11-23 15:31:16','A'),(134,1719110310,4,'20.0638379','-98.42199','2021-11-23 15:31:25','A'),(135,1719110305,3,'20.0637703','-98.4220603','2021-11-23 16:09:45','A'),(136,1719110312,3,'20.0637573','-98.4220775','2021-11-23 16:09:54','A'),(137,1719110305,3,'20.0637597','-98.4220548','2021-11-23 16:32:22','A'),(138,1719110305,3,'20.0637746','-98.4220653','2021-11-23 16:35:48','A'),(139,1719110312,5,'20.0637233','-98.42254','2021-11-23 16:35:55','I'),(140,1719110310,1,'20.0637489','-98.4220788','2021-11-23 16:36:02','I'),(141,1719110312,2,'20.0636572','-98.4221294','2021-11-30 10:59:23','I'),(143,1719110305,3,'20.0637097','-98.4221113','2021-11-30 11:01:27','I'),(144,1719110312,2,'20.0636443','-98.4220561','2021-11-30 11:01:41','I'),(146,1719110310,3,'20.0636702','-98.4221126','2021-11-30 11:16:06','I'),(147,1719110312,3,'20.0637732','-98.4221917','2021-12-01 13:45:24','A'),(148,1719110312,3,'20.0637732','-98.4221917','2021-12-01 13:46:03','I'),(149,1719110310,3,'20.06379','-98.4221016','2021-12-01 13:46:16','I');

CREATE TABLE `atencion_alerta` (
  `idatencion_alerta` int NOT NULL AUTO_INCREMENT,
  `idemision_alerta` int NOT NULL,
  `identidades` int NOT NULL,
  `ateObservaciones` varchar(100) NOT NULL,
  `ateFecha_atendida` datetime NOT NULL,
  `ateEstado` varchar(1) NOT NULL DEFAULT 'A',
  PRIMARY KEY (`idatencion_alerta`),
  KEY `idemision_alerta` (`idemision_alerta`),
  KEY `identidades` (`identidades`),
  CONSTRAINT `atencion_alerta_ibfk_1` FOREIGN KEY (`idemision_alerta`) REFERENCES `alerta_emision` (`idemision_alerta`),
  CONSTRAINT `atencion_alerta_ibfk_2` FOREIGN KEY (`identidades`) REFERENCES `entidades_emergencia` (`identidades_emergencia`),
  CONSTRAINT `atencion_alerta_ibfk_3` FOREIGN KEY (`idemision_alerta`) REFERENCES `alerta_emision` (`idemision_alerta`),
  CONSTRAINT `atencion_alerta_ibfk_4` FOREIGN KEY (`identidades`) REFERENCES `entidades_emergencia` (`identidades_emergencia`)
) ENGINE=InnoDB AUTO_INCREMENT=399 DEFAULT CHARSET=utf8mb3;

INSERT INTO `atencion_alerta` VALUES (1,1,1,'Atendido','2021-04-30 00:46:32','A'),(2,14,1,'Atendido','2021-05-20 00:33:35','A'),(3,26,1,'Atendido','2021-05-20 00:34:53','A'),(4,44,1,'Atendido','2021-05-25 22:44:35','A'),(5,49,1,'Atendido','2021-05-25 22:54:25','A'),(6,65,1,'Atendido','2021-05-28 18:50:50','A'),(40,1,1,'Atendido','0000-00-00 00:00:00','A'),(41,2,1,'Atendido','2021-12-01 10:46:19','A'),(42,14,2,'Atendido','0000-00-00 00:00:00','A'),(43,4,1,'Atendido','0000-00-00 00:00:00','A'),(44,1,1,'Atendido','0000-00-00 00:00:00','A'),(45,1,1,'Atendido','0000-00-00 00:00:00','I'),(46,1,1,'Atendido','0000-00-00 00:00:00','I'),(47,1,1,'Atendido','0000-00-00 00:00:00','I'),(48,1,1,'Atendido','0000-00-00 00:00:00','I'),(49,1,1,'Atendido','0000-00-00 00:00:00','I'),(50,1,1,'Atendido','0000-00-00 00:00:00','I'),(51,1,1,'Atendido','0000-00-00 00:00:00','I'),(52,1,1,'Atendido','0000-00-00 00:00:00','I'),(53,1,2,'Atendido','0000-00-00 00:00:00','I'),(54,14,2,'Atendido','0000-00-00 00:00:00','I'),(55,26,1,'Atendido','0000-00-00 00:00:00','I'),(56,1,1,'Atendido','0000-00-00 00:00:00','I'),(57,1,1,'Atendido','0000-00-00 00:00:00','I'),(58,14,1,'Atendido','0000-00-00 00:00:00','I'),(59,1,1,'Atendido','0000-00-00 00:00:00','I'),(60,1,1,'Atendido','0000-00-00 00:00:00','I'),(61,26,2,'Atendido','0000-00-00 00:00:00','I'),(62,14,1,'Atendido','0000-00-00 00:00:00','I'),(63,14,1,'Atendido','0000-00-00 00:00:00','I'),(64,1,2,'Atendido','0000-00-00 00:00:00','I'),(65,14,2,'Atendido','0000-00-00 00:00:00','I'),(66,14,1,'Atendido','0000-00-00 00:00:00','I'),(67,14,1,'Atendido','0000-00-00 00:00:00','I'),(68,5,1,'Atendido','0000-00-00 00:00:00','I'),(69,12,2,'Atendido','0000-00-00 00:00:00','I'),(70,13,1,'Atendido','0000-00-00 00:00:00','I'),(71,22,1,'Atendido','0000-00-00 00:00:00','I'),(72,16,1,'Atendido','0000-00-00 00:00:00','I'),(73,16,1,'Atendido','0000-00-00 00:00:00','I'),(74,15,2,'Atendido','0000-00-00 00:00:00','I'),(75,17,1,'Atendido','0000-00-00 00:00:00','I'),(76,20,2,'Atendido','0000-00-00 00:00:00','I'),(77,18,1,'Atendido','0000-00-00 00:00:00','I'),(78,14,1,'Atendido','0000-00-00 00:00:00','A'),(79,1,2,'Atendido','0000-00-00 00:00:00','I'),(80,1,1,'Atendido','0000-00-00 00:00:00','I'),(81,1,1,'Atendido','0000-00-00 00:00:00','I'),(82,1,1,'Atendido','0000-00-00 00:00:00','I'),(83,1,1,'Atendido','0000-00-00 00:00:00','I'),(84,1,1,'Atendido','0000-00-00 00:00:00','I'),(85,99,1,'Atendido','0000-00-00 00:00:00','I'),(86,98,1,'Atendido','0000-00-00 00:00:00','I'),(87,97,1,'Atendido','0000-00-00 00:00:00','I'),(88,96,1,'Atendido','0000-00-00 00:00:00','I'),(89,95,1,'Atendido','0000-00-00 00:00:00','I'),(90,77,1,'Atendido','0000-00-00 00:00:00','I'),(91,77,1,'Atendido','0000-00-00 00:00:00','I'),(92,78,1,'Atendido','0000-00-00 00:00:00','I'),(93,77,1,'Atendido','0000-00-00 00:00:00','I'),(94,24,1,'Atendido','0000-00-00 00:00:00','I'),(95,28,2,'Atendido','0000-00-00 00:00:00','A'),(96,104,2,'Atendido','0000-00-00 00:00:00','I'),(97,104,2,'Atendido','0000-00-00 00:00:00','A'),(98,88,1,'Atendido','0000-00-00 00:00:00','I'),(99,107,2,'Atendido','0000-00-00 00:00:00','I'),(100,23,1,'Atendido','0000-00-00 00:00:00','I'),(101,107,2,'Atendido','0000-00-00 00:00:00','I'),(102,107,1,'Atendido','0000-00-00 00:00:00','I'),(103,1,1,'Atendido','0000-00-00 00:00:00','I'),(104,1,1,'Atendido','0000-00-00 00:00:00','I'),(105,1,2,'Atendido','0000-00-00 00:00:00','I'),(106,1,2,'Atendido','0000-00-00 00:00:00','I'),(107,1,1,'Atendido','0000-00-00 00:00:00','I'),(108,1,1,'Atendido','0000-00-00 00:00:00','I'),(109,1,1,'Atendido','0000-00-00 00:00:00','I'),(110,1,1,'Atendido','0000-00-00 00:00:00','I'),(111,25,2,'Atendido','0000-00-00 00:00:00','I'),(112,1,2,'Atendido','0000-00-00 00:00:00','I'),(113,1,1,'Atendido','0000-00-00 00:00:00','I'),(114,1,4,'Atendido','0000-00-00 00:00:00','I'),(115,1,4,'Atendido','0000-00-00 00:00:00','I'),(116,1,4,'Atendido','0000-00-00 00:00:00','I'),(117,1,4,'Atendido','0000-00-00 00:00:00','I'),(118,1,4,'Atendido','0000-00-00 00:00:00','I'),(119,1,4,'Atendido','0000-00-00 00:00:00','I'),(120,1,4,'Atendido','0000-00-00 00:00:00','I'),(121,1,4,'Atendido','0000-00-00 00:00:00','I'),(122,1,4,'Atendido','0000-00-00 00:00:00','I'),(123,1,4,'Atendido','0000-00-00 00:00:00','I'),(124,1,4,'Atendido','0000-00-00 00:00:00','I'),(125,1,4,'Atendido','0000-00-00 00:00:00','I'),(126,1,4,'Atendido','0000-00-00 00:00:00','I'),(127,1,4,'Atendido','0000-00-00 00:00:00','I'),(128,1,4,'Atendido','0000-00-00 00:00:00','I'),(129,1,4,'Atendido','0000-00-00 00:00:00','I'),(130,1,4,'Atendido','0000-00-00 00:00:00','I'),(131,1,4,'Atendido','0000-00-00 00:00:00','I'),(132,1,4,'Atendido','0000-00-00 00:00:00','I'),(133,1,4,'Atendido','0000-00-00 00:00:00','I'),(134,1,4,'Atendido','0000-00-00 00:00:00','I'),(135,1,4,'Atendido','0000-00-00 00:00:00','I'),(136,1,4,'Atendido','0000-00-00 00:00:00','I'),(137,1,4,'Atendido','0000-00-00 00:00:00','I'),(138,1,4,'Atendido','0000-00-00 00:00:00','I'),(139,107,4,'Atendido','0000-00-00 00:00:00','I'),(140,107,4,'Atendido','0000-00-00 00:00:00','I'),(141,1,4,'Atendido','2021-12-01 13:42:57','A'),(142,107,4,'Atendido','0000-00-00 00:00:00','I'),(143,1,4,'Atendido','0000-00-00 00:00:00','I'),(144,103,4,'Atendido','2021-12-01 10:52:14','A'),(145,107,4,'Atendido','0000-00-00 00:00:00','I'),(146,103,4,'Atendido','2021-12-01 10:49:24','A'),(147,107,4,'Atendido','0000-00-00 00:00:00','I'),(148,107,4,'Atendido','0000-00-00 00:00:00','I'),(149,107,4,'Atendido','0000-00-00 00:00:00','I'),(150,1,4,'Atendido','0000-00-00 00:00:00','I'),(151,1,4,'Atendido','0000-00-00 00:00:00','I'),(152,1,4,'Atendido','0000-00-00 00:00:00','I'),(153,1,4,'Atendido','0000-00-00 00:00:00','I'),(154,1,4,'Atendido','0000-00-00 00:00:00','I'),(155,1,4,'Atendido','0000-00-00 00:00:00','I'),(156,1,4,'Atendido','0000-00-00 00:00:00','I'),(157,1,4,'Atendido','0000-00-00 00:00:00','I'),(158,1,4,'Atendido','0000-00-00 00:00:00','I'),(159,1,4,'Atendido','0000-00-00 00:00:00','I'),(160,1,4,'Atendido','0000-00-00 00:00:00','I'),(161,1,4,'Atendido','0000-00-00 00:00:00','I'),(162,1,4,'Atendido','0000-00-00 00:00:00','I'),(163,1,4,'Atendido','0000-00-00 00:00:00','I'),(164,1,4,'Atendido','0000-00-00 00:00:00','I'),(165,1,4,'Atendido','0000-00-00 00:00:00','I'),(166,1,4,'Atendido','0000-00-00 00:00:00','I'),(167,1,4,'Atendido','0000-00-00 00:00:00','I'),(168,1,4,'Atendido','0000-00-00 00:00:00','I'),(169,1,4,'Atendido','0000-00-00 00:00:00','I'),(170,1,4,'Atendido','0000-00-00 00:00:00','I'),(171,1,4,'Atendido','0000-00-00 00:00:00','I'),(172,1,4,'Atendido','0000-00-00 00:00:00','I'),(173,107,4,'Atendido','0000-00-00 00:00:00','I'),(174,1,4,'Atendido','0000-00-00 00:00:00','I'),(175,1,2,'Atendido','0000-00-00 00:00:00','I'),(176,2,4,'Atendido','0000-00-00 00:00:00','I'),(177,1,4,'Atendido','0000-00-00 00:00:00','I'),(178,17,4,'Atendido','0000-00-00 00:00:00','I'),(179,49,4,'Atendido','0000-00-00 00:00:00','I'),(180,64,4,'Atendido','0000-00-00 00:00:00','I'),(181,65,4,'Atendido','0000-00-00 00:00:00','I'),(182,77,4,'Atendido','0000-00-00 00:00:00','I'),(183,2,4,'Atendido','0000-00-00 00:00:00','I'),(184,1,4,'Atendido','0000-00-00 00:00:00','I'),(185,125,4,'Atendido','0000-00-00 00:00:00','I'),(186,123,2,'Atendido','0000-00-00 00:00:00','I'),(187,80,4,'Atendido','0000-00-00 00:00:00','I'),(188,131,4,'Atendido','0000-00-00 00:00:00','I'),(189,1,2,'Atendido','0000-00-00 00:00:00','I'),(190,37,2,'Atendido','0000-00-00 00:00:00','I'),(191,79,4,'Atendido','0000-00-00 00:00:00','I'),(192,79,4,'Atendido','0000-00-00 00:00:00','I'),(193,79,4,'Atendido','0000-00-00 00:00:00','I'),(194,79,4,'Atendido','0000-00-00 00:00:00','I'),(195,79,4,'Atendido','0000-00-00 00:00:00','I'),(196,79,4,'Atendido','0000-00-00 00:00:00','I'),(197,79,4,'Atendido','0000-00-00 00:00:00','I'),(198,79,4,'Atendido','0000-00-00 00:00:00','I'),(199,79,4,'Atendido','0000-00-00 00:00:00','I'),(200,79,4,'Atendido','0000-00-00 00:00:00','I'),(201,79,4,'Atendido','0000-00-00 00:00:00','I'),(202,79,4,'Atendido','0000-00-00 00:00:00','I'),(203,79,4,'Atendido','0000-00-00 00:00:00','I'),(204,79,4,'Atendido','0000-00-00 00:00:00','I'),(205,79,4,'Atendido','0000-00-00 00:00:00','I'),(206,79,4,'Atendido','0000-00-00 00:00:00','I'),(207,79,4,'Atendido','0000-00-00 00:00:00','I'),(208,79,4,'Atendido','0000-00-00 00:00:00','I'),(209,79,4,'Atendido','0000-00-00 00:00:00','I'),(210,79,4,'Atendido','0000-00-00 00:00:00','I'),(211,79,4,'Atendido','0000-00-00 00:00:00','I'),(212,79,4,'Atendido','0000-00-00 00:00:00','I'),(213,79,4,'Atendido','0000-00-00 00:00:00','I'),(214,79,4,'Atendido','0000-00-00 00:00:00','I'),(215,79,4,'Atendido','0000-00-00 00:00:00','I'),(216,79,4,'Atendido','0000-00-00 00:00:00','I'),(217,79,4,'Atendido','0000-00-00 00:00:00','I'),(218,79,4,'Atendido','0000-00-00 00:00:00','I'),(219,79,4,'Atendido','0000-00-00 00:00:00','I'),(220,79,4,'Atendido','0000-00-00 00:00:00','I'),(221,79,4,'Atendido','0000-00-00 00:00:00','I'),(222,79,4,'Atendido','0000-00-00 00:00:00','I'),(223,29,4,'Atendido','0000-00-00 00:00:00','I'),(224,84,2,'Atendido','0000-00-00 00:00:00','I'),(225,140,2,'Atendido','0000-00-00 00:00:00','I'),(227,139,4,'Atendido','0000-00-00 00:00:00','I'),(232,140,4,'Atendido','0000-00-00 00:00:00','A'),(233,42,4,'Atendido','0000-00-00 00:00:00','I'),(234,41,4,'Atendido','0000-00-00 00:00:00','I'),(235,144,4,'Atendido','0000-00-00 00:00:00','I'),(236,146,2,'Atendido','0000-00-00 00:00:00','I'),(237,146,4,'Atendido','0000-00-00 00:00:00','I'),(238,146,4,'Atendido','0000-00-00 00:00:00','I'),(239,146,1,'Atendido','0000-00-00 00:00:00','I'),(240,146,4,'Atendido','0000-00-00 00:00:00','I'),(241,146,4,'Atendido','0000-00-00 00:00:00','I'),(242,143,1,'Atendido','0000-00-00 00:00:00','I'),(243,143,2,'Atendido','0000-00-00 00:00:00','I'),(244,143,2,'Atendido','0000-00-00 00:00:00','I'),(245,143,4,'Atendido','0000-00-00 00:00:00','I'),(246,143,4,'Atendido','0000-00-00 00:00:00','I'),(247,143,4,'Atendido','0000-00-00 00:00:00','I'),(248,143,2,'Atendido','0000-00-00 00:00:00','I'),(249,143,2,'Atendido','0000-00-00 00:00:00','I'),(250,143,2,'Atendido','0000-00-00 00:00:00','I'),(251,143,2,'Atendido','0000-00-00 00:00:00','I'),(252,143,4,'Atendido','0000-00-00 00:00:00','I'),(253,143,4,'Atendido','0000-00-00 00:00:00','I'),(254,143,4,'Atendido','0000-00-00 00:00:00','I'),(255,143,4,'Atendido','0000-00-00 00:00:00','I'),(256,143,4,'Atendido','0000-00-00 00:00:00','I'),(257,143,2,'Atendido','0000-00-00 00:00:00','I'),(258,143,2,'Atendido','0000-00-00 00:00:00','I'),(259,143,2,'Atendido','0000-00-00 00:00:00','I'),(260,143,2,'Atendido','0000-00-00 00:00:00','I'),(261,143,2,'Atendido','0000-00-00 00:00:00','I'),(262,143,2,'Atendido','0000-00-00 00:00:00','I'),(263,143,1,'Atendido','0000-00-00 00:00:00','I'),(264,143,1,'Atendido','0000-00-00 00:00:00','I'),(265,143,1,'Atendido','0000-00-00 00:00:00','I'),(266,143,1,'Atendido','0000-00-00 00:00:00','I'),(267,143,1,'Atendido','0000-00-00 00:00:00','I'),(268,143,1,'Atendido','0000-00-00 00:00:00','I'),(269,143,1,'Atendido','0000-00-00 00:00:00','I'),(270,143,2,'Atendido','0000-00-00 00:00:00','I'),(271,143,2,'Atendido','0000-00-00 00:00:00','I'),(272,143,2,'Atendido','0000-00-00 00:00:00','I'),(273,143,2,'Atendido','0000-00-00 00:00:00','I'),(274,143,2,'Atendido','0000-00-00 00:00:00','I'),(275,143,2,'Atendido','0000-00-00 00:00:00','I'),(276,143,2,'Atendido','0000-00-00 00:00:00','I'),(277,143,2,'Atendido','0000-00-00 00:00:00','I'),(278,143,4,'Atendido','0000-00-00 00:00:00','I'),(279,143,4,'Atendido','0000-00-00 00:00:00','I'),(280,143,4,'Atendido','0000-00-00 00:00:00','I'),(281,143,4,'Atendido','0000-00-00 00:00:00','I'),(282,143,4,'Atendido','0000-00-00 00:00:00','I'),(283,143,4,'Atendido','0000-00-00 00:00:00','I'),(284,143,4,'Atendido','0000-00-00 00:00:00','I'),(285,143,4,'Atendido','0000-00-00 00:00:00','I'),(286,143,4,'Atendido','0000-00-00 00:00:00','I'),(287,146,1,'Atendido','0000-00-00 00:00:00','I'),(288,146,2,'Atendido','0000-00-00 00:00:00','I'),(289,146,2,'Atendido','0000-00-00 00:00:00','I'),(290,146,4,'Atendido','0000-00-00 00:00:00','I'),(291,146,4,'Atendido','0000-00-00 00:00:00','I'),(292,146,4,'Atendido','0000-00-00 00:00:00','I'),(293,146,2,'Atendido','0000-00-00 00:00:00','I'),(294,146,2,'Atendido','0000-00-00 00:00:00','I'),(295,146,2,'Atendido','0000-00-00 00:00:00','I'),(296,146,2,'Atendido','0000-00-00 00:00:00','I'),(297,146,1,'Atendido','0000-00-00 00:00:00','I'),(298,146,1,'Atendido','0000-00-00 00:00:00','I'),(299,146,1,'Atendido','0000-00-00 00:00:00','I'),(300,146,1,'Atendido','0000-00-00 00:00:00','I'),(301,146,1,'Atendido','0000-00-00 00:00:00','I'),(308,146,1,'Atendido','0000-00-00 00:00:00','I'),(309,146,1,'Atendido','0000-00-00 00:00:00','I'),(310,146,1,'Atendido','0000-00-00 00:00:00','I'),(311,146,1,'Atendido','0000-00-00 00:00:00','I'),(312,146,1,'Atendido','0000-00-00 00:00:00','I'),(313,146,1,'Atendido','0000-00-00 00:00:00','I'),(314,146,1,'Atendido','0000-00-00 00:00:00','I'),(315,146,2,'Atendido','0000-00-00 00:00:00','I'),(316,146,2,'Atendido','0000-00-00 00:00:00','I'),(317,146,2,'Atendido','0000-00-00 00:00:00','I'),(318,146,2,'Atendido','0000-00-00 00:00:00','I'),(319,146,2,'Atendido','0000-00-00 00:00:00','I'),(320,146,2,'Atendido','0000-00-00 00:00:00','I'),(321,146,2,'Atendido','0000-00-00 00:00:00','I'),(322,146,2,'Atendido','0000-00-00 00:00:00','I'),(323,146,1,'Atendido','0000-00-00 00:00:00','I'),(324,146,1,'Atendido','0000-00-00 00:00:00','I'),(325,146,1,'Atendido','0000-00-00 00:00:00','I'),(326,146,1,'Atendido','0000-00-00 00:00:00','I'),(327,146,1,'Atendido','0000-00-00 00:00:00','I'),(328,146,1,'Atendido','0000-00-00 00:00:00','I'),(329,146,1,'Atendido','0000-00-00 00:00:00','I'),(330,146,1,'Atendido','0000-00-00 00:00:00','I'),(331,146,1,'Atendido','0000-00-00 00:00:00','I'),(342,146,1,'Atendido','0000-00-00 00:00:00','I'),(343,146,1,'Atendido','0000-00-00 00:00:00','I'),(344,146,1,'Atendido','0000-00-00 00:00:00','I'),(345,146,1,'Atendido','0000-00-00 00:00:00','I'),(346,146,1,'Atendido','0000-00-00 00:00:00','I'),(347,146,1,'Atendido','0000-00-00 00:00:00','I'),(348,146,1,'Atendido','0000-00-00 00:00:00','I'),(349,146,1,'Atendido','0000-00-00 00:00:00','I'),(350,146,1,'Atendido','0000-00-00 00:00:00','I'),(351,146,1,'Atendido','0000-00-00 00:00:00','I'),(352,146,1,'Atendido','0000-00-00 00:00:00','I'),(365,146,1,'Atendido','0000-00-00 00:00:00','I'),(366,146,1,'Atendido','0000-00-00 00:00:00','I'),(367,146,1,'Atendido','0000-00-00 00:00:00','I'),(368,146,1,'Atendido','0000-00-00 00:00:00','I'),(369,146,1,'Atendido','0000-00-00 00:00:00','I'),(370,146,1,'Atendido','0000-00-00 00:00:00','I'),(371,146,1,'Atendido','0000-00-00 00:00:00','I'),(372,146,1,'Atendido','0000-00-00 00:00:00','I'),(373,146,1,'Atendido','0000-00-00 00:00:00','I'),(374,146,1,'Atendido','0000-00-00 00:00:00','I'),(375,146,1,'Atendido','0000-00-00 00:00:00','I'),(376,146,1,'Atendido','0000-00-00 00:00:00','I'),(377,146,1,'Atendido','0000-00-00 00:00:00','I'),(378,144,4,'Atendido','0000-00-00 00:00:00','I'),(379,146,4,'Atendido','0000-00-00 00:00:00','I'),(380,141,4,'Espera','0000-00-00 00:00:00','I'),(381,149,2,'Espera','0000-00-00 00:00:00','I'),(382,149,4,'Espera','0000-00-00 00:00:00','I'),(383,149,4,'Espera','0000-00-00 00:00:00','I'),(384,148,1,'Espera','0000-00-00 00:00:00','I'),(385,148,2,'Espera','0000-00-00 00:00:00','I'),(386,148,2,'Espera','0000-00-00 00:00:00','I'),(387,148,1,'Espera','0000-00-00 00:00:00','I'),(388,148,1,'Espera','0000-00-00 00:00:00','I'),(389,148,1,'Espera','0000-00-00 00:00:00','I'),(390,148,2,'Espera','0000-00-00 00:00:00','I'),(391,148,2,'Espera','0000-00-00 00:00:00','I'),(392,148,2,'Espera','0000-00-00 00:00:00','I'),(393,148,2,'Espera','0000-00-00 00:00:00','I'),(394,148,4,'Espera','0000-00-00 00:00:00','I'),(395,148,4,'Espera','0000-00-00 00:00:00','I'),(396,148,4,'Espera','0000-00-00 00:00:00','I'),(397,148,4,'Espera','0000-00-00 00:00:00','I'),(398,148,4,'Espera','0000-00-00 00:00:00','I');

CREATE TABLE `colonia` (
  `idColonia` int NOT NULL AUTO_INCREMENT,
  `colNombre` varchar(50) DEFAULT NULL,
  `colMunicipio` varchar(255) DEFAULT NULL,
  `colCodigo_Postal` varchar(100) DEFAULT NULL,
  `chaIDColonia` varchar(100) DEFAULT NULL,
  `colEstado` varchar(1) DEFAULT 'A',
  `col_url` varchar(100) DEFAULT NULL,
  PRIMARY KEY (`idColonia`) USING BTREE
) ENGINE=InnoDB AUTO_INCREMENT=24 DEFAULT CHARSET=utf8mb3 ROW_FORMAT=DYNAMIC;
INSERT INTO `colonia` VALUES (1,'ATENGO','TEPEJI DEL RIO','42855','-1001708737578','A','https://t.me/+L4IiXy5FgpIzOWIx'),(2,'CALTENGO','TEPEJI DEL RIO','42588','-1001779179613','A','https://t.me/+RDUnawsS6FphN2Vh'),(3,'CARACOL','TEPEJI DEL RIO','42855','-1001759975002','A','https://t.me/+K4aeBVuDCuIwZDBh'),(4,'EL CARMEN','TEPEJI DEL RIO','42854','-1001673958298','A','https://t.me/+nbdc6mPLxSdlMTMx'),(5,'EL CERRITO','TEPEJI DEL RIO','42852','-1001778743013','A','https://t.me/+4Dy_ROHTOdFiZDE5'),(6,'EL EDEN','TEPEJI DEL RIO','42854','-1001708737578','A','https://t.me/+L4IiXy5FgpIzOWIx'),(7,'EL MANANTIAL','TEPEJI DEL RIO','42852','-1001779179613','A','https://t.me/+RDUnawsS6FphN2Vh'),(8,'EL PARAÍSO','TEPEJI DEL RIO','42854','-1001759975002','A','https://t.me/+K4aeBVuDCuIwZDBh'),(9,'LOMAS DE CANTERA','TEPEJI DEL RIO','42853','-1001673958298','A','https://t.me/+nbdc6mPLxSdlMTMx'),(10,'LOMAS TINAJAS','TEPEJI DEL RIO','42854','-1001778743013','A','https://t.me/+4Dy_ROHTOdFiZDE5'),(11,'NOXTONGO','TEPEJI DEL RIO','42855','-1001708737578','A','https://t.me/+L4IiXy5FgpIzOWIx'),(12,'PRADERAS','TEPEJI DEL RIO','42854','-1001779179613','A','https://t.me/+RDUnawsS6FphN2Vh'),(13,'PRESA ESCONDIDA','TEPEJI DEL RIO','42852','-1001759975002','A','https://t.me/+K4aeBVuDCuIwZDBh'),(14,'RANCHO LA CHORCHA','TEPEJI DEL RIO','42855','-1001673958298','A','https://t.me/+nbdc6mPLxSdlMTMx'),(15,'SAN FRANCISCO','TEPEJI DEL RIO','42854','-1001778743013','A','https://t.me/+4Dy_ROHTOdFiZDE5'),(16,'SAN JUAN OTLAXPA','TEPEJI DEL RIO','42854','-1001708737578','A','https://t.me/+L4IiXy5FgpIzOWIx'),(17,'SAN MATEO','TEPEJI DEL RIO','42853','-1001779179613','A','https://t.me/+RDUnawsS6FphN2Vh'),(18,'TAXHIDO','TEPEJI DEL RIO','42854','-1001759975002','A','https://t.me/+K4aeBVuDCuIwZDBh'),(19,'TINAJAS','TEPEJI DEL RIO','42854','-1001673958298','A','https://t.me/+nbdc6mPLxSdlMTMx'),(20,'TLAXINACALPAN','TEPEJI DEL RIO','42855','-1001778743013','A','https://t.me/+4Dy_ROHTOdFiZDE5'),(21,'VISTA HERMOSA','TEPEJI DEL RIO','42852','-1001778743013','A','https://t.me/+4Dy_ROHTOdFiZDE5'),(22,'51515151515aaaaaaaaaaa','15151515151','15151515','','A',NULL),(23,'NAPATECO','TULANCINGO','43629','','A',NULL);

CREATE TABLE `entidades_emergencia` (
  `identidades_emergencia` int NOT NULL AUTO_INCREMENT,
  `enti_descripcion` varchar(100) DEFAULT NULL,
  `enti_telefono` varchar(20) DEFAULT NULL,
  `enti_direccion` varchar(100) DEFAULT NULL,
  `enti_correo` varchar(50) DEFAULT NULL,
  `enti_estado` varchar(1) DEFAULT 'A',
  PRIMARY KEY (`identidades_emergencia`) USING BTREE
) ENGINE=InnoDB AUTO_INCREMENT=6 DEFAULT CHARSET=utf8mb3 ROW_FORMAT=DYNAMIC;

INSERT INTO `entidades_emergencia` VALUES (1,'Protección civil','7641020206','Av. Iturbe Tepeji del rio','policias@gmail.com','A'),(2,'Bomberos','7731680316','Av. San Juan Otlaxpa','bomberos@gmail.com','A'),(4,'Oscar','7757512632','Av Tulancingo','1719110304@utectulancingo.edu.mx','A');

CREATE TABLE `roles` (
  `idroles` int NOT NULL AUTO_INCREMENT,
  `rol_descripcion` varchar(45) DEFAULT NULL,
  `rol_estado` varchar(1) DEFAULT 'A',
  PRIMARY KEY (`idroles`) USING BTREE
) ENGINE=InnoDB AUTO_INCREMENT=5 DEFAULT CHARSET=utf8mb3 ROW_FORMAT=DYNAMIC;

INSERT INTO `roles` VALUES (1,'Usuario','A'),(2,'Lider','A'),(3,'Administrador','A');


CREATE TABLE `roles_usuario` (
  `idroles_usuario` int NOT NULL AUTO_INCREMENT,
  `idroles` int DEFAULT NULL,
  `idusuario` int DEFAULT NULL,
  `ad_rol_usu_estado` varchar(1) DEFAULT 'A',
  PRIMARY KEY (`idroles_usuario`) USING BTREE,
  KEY `fk_roles_idx` (`idroles`) USING BTREE,
  KEY `fk_usuario_idx` (`idusuario`) USING BTREE,
  CONSTRAINT `fk_roles` FOREIGN KEY (`idroles`) REFERENCES `roles` (`idroles`),
  CONSTRAINT `fk_usuario` FOREIGN KEY (`idusuario`) REFERENCES `usuario` (`idusuario`)
) ENGINE=InnoDB AUTO_INCREMENT=104 DEFAULT CHARSET=utf8mb3 ROW_FORMAT=DYNAMIC;

INSERT INTO `roles_usuario` VALUES (63,2,150,'A'),(64,1,151,'A'),(67,1,152,'A'),(68,1,153,'A'),(69,1,NULL,'A'),(70,1,155,'A'),(71,1,156,'A'),(72,1,157,'A'),(73,1,158,'A'),(74,1,NULL,'A'),(75,2,150,'A'),(76,1,163,'A'),(77,2,164,'A'),(78,1,165,'A'),(79,2,NULL,'A'),(80,2,166,'A'),(81,1,NULL,'A'),(82,1,168,'A'),(83,2,167,'A'),(84,2,169,'A'),(85,2,NULL,'A'),(86,2,171,'A'),(87,2,172,'A'),(88,2,172,'A'),(89,2,172,'A'),(90,2,150,'A'),(91,2,182,'A'),(92,2,183,'A'),(93,1,184,'A'),(94,1,185,'A'),(95,1,186,'A'),(96,2,187,'A'),(97,3,188,'A'),(98,2,1719110312,'A'),(99,1,1719110310,'A'),(100,2,1719110312,'A'),(101,1,1719110305,'A'),(102,1,1719110313,'A'),(103,2,1719110314,'A');

CREATE TABLE `sesiones` (
  `id_sesiones` int NOT NULL AUTO_INCREMENT,
  `correo` varchar(100) CHARACTER SET utf8 COLLATE utf8_general_ci NOT NULL,
  PRIMARY KEY (`id_sesiones`)
) ENGINE=InnoDB DEFAULT CHARSET=utf8mb4 COLLATE=utf8mb4_unicode_ci;


CREATE TABLE `tipo_alerta` (
  `idtipo_alerta` int NOT NULL AUTO_INCREMENT,
  `tipoaler_descripcion` varchar(100) DEFAULT NULL,
  `tipoaler_estado` varchar(1) DEFAULT 'A',
  PRIMARY KEY (`idtipo_alerta`) USING BTREE
) ENGINE=InnoDB AUTO_INCREMENT=7 DEFAULT CHARSET=utf8mb3 ROW_FORMAT=DYNAMIC;

INSERT INTO `tipo_alerta` VALUES (1,'Robo','A'),(2,'Accidente','A'),(3,'Enfermedad','A'),(4,'Asalto','A'),(5,'Extravio','A'),(6,'Otro','A');

CREATE TABLE `token_usuario` (
  `idToken` int NOT NULL AUTO_INCREMENT,
  `idusuario` int DEFAULT NULL,
  `token` varchar(255) CHARACTER SET utf8 COLLATE utf8_unicode_ci DEFAULT NULL,
  PRIMARY KEY (`idToken`) USING BTREE,
  KEY `iduser` (`idusuario`) USING BTREE,
  CONSTRAINT `iduser` FOREIGN KEY (`idusuario`) REFERENCES `usuario` (`idusuario`)
) ENGINE=InnoDB AUTO_INCREMENT=93 DEFAULT CHARSET=utf8mb4 COLLATE=utf8mb4_unicode_ci ROW_FORMAT=DYNAMIC;

INSERT INTO `token_usuario` VALUES (25,152,'e8YRqdMwQKuGvSCywl4bUF:APA91bEPbi_ACOw2nbbjdpnJWFS33pHfIYaQAyYaD5QO_qPnrPlDRbnPdOlQCZ6YVnxrm0GQLtVzdyt2SMW9JDm_wI9wAP0tK_TSpEE-wr9hQsvUbsFJ3WnL-_yjDvA4csvYQWqnq_Ey'),(26,152,'e16kzFTWSsmn3Yf_K9TXlk:APA91bFBD3gObSa_B7kH9fCuVY9gH5I_7F1dYANLAfGKTNJ_htaujjZFhLH5vdugHOU9dQsKqSjrx9WyyzS7vcFfviYRzfQSw0gli6DPWduBD3VYcjJB2CzEZ3VzGBBuieaE_j7Xa6i4'),(27,150,'dsksTpD3TNGYcUNCQLZ3Ek:APA91bG8nfadbYpxLAFnvYkXN7wp8VS4cxhPJ09WckB38V5ZCiAopfJqDPbQb4-WjVT9heFbFD6wSfNH7vqpTMw2y56Rhs0flsVqkN8k_HdePIK3oh4NS-ObwaJfWcj3jECyIzYVha02'),(28,152,'f-sH9BjaSpqWSjWNjjgJ4u:APA91bGW77MTAinPotOS5mCtXgWKYBIg1mBOC0eMHPNPy8_ey1jo0LIdtmk6nFd4ojo2fXZb9ecCFhCnNHeiPAdfcsaLVIkE96zFpYp8XxlZGsdP0Lk4oIFPbMKdqJIHTAQPC_-3w29I'),(29,157,'fXepOIg7SPahugA_HE7dCF:APA91bGK8o_v8NaFGbwnhryFdBfpRBUs8_UosW46oRxaAP4Y39jxaMHrIWtxopdWXuAZZppZsSX4tBbr7mHQZHZXs1zyQUoenbuO6IkBugB-a7IXW1gvxMhEX8ZPG_NmS3xLbWFZDOTj'),(31,152,'fXepOIg7SPahugA_HE7dCF:APA91bGK8o_v8NaFGbwnhryFdBfpRBUs8_UosW46oRxaAP4Y39jxaMHrIWtxopdWXuAZZppZsSX4tBbr7mHQZHZXs1zyQUoenbuO6IkBugB-a7IXW1gvxMhEX8ZPG_NmS3xLbWFZDOTj'),(32,150,'fXepOIg7SPahugA_HE7dCF:APA91bGK8o_v8NaFGbwnhryFdBfpRBUs8_UosW46oRxaAP4Y39jxaMHrIWtxopdWXuAZZppZsSX4tBbr7mHQZHZXs1zyQUoenbuO6IkBugB-a7IXW1gvxMhEX8ZPG_NmS3xLbWFZDOTj'),(33,163,'fXepOIg7SPahugA_HE7dCF:APA91bGK8o_v8NaFGbwnhryFdBfpRBUs8_UosW46oRxaAP4Y39jxaMHrIWtxopdWXuAZZppZsSX4tBbr7mHQZHZXs1zyQUoenbuO6IkBugB-a7IXW1gvxMhEX8ZPG_NmS3xLbWFZDOTj'),(34,164,'feRbGqrZQ9eI0Z3uObEmLf:APA91bEtj6chmRyh6HZqQnHl58Uy5iiaHBhAHZpydv1lPYluoZRM5-1B5Tl52FfRiX1vY78mXkGKSCIQKiZXv8n4geNLvnFAYX3bDC74OOJ3F2Y7t0RftzSV8qduEP2toeh9uq-8ICJ0'),(35,163,'feRbGqrZQ9eI0Z3uObEmLf:APA91bEtj6chmRyh6HZqQnHl58Uy5iiaHBhAHZpydv1lPYluoZRM5-1B5Tl52FfRiX1vY78mXkGKSCIQKiZXv8n4geNLvnFAYX3bDC74OOJ3F2Y7t0RftzSV8qduEP2toeh9uq-8ICJ0'),(36,165,'e-hIkpxiRWypWJs7sNiiXv:APA91bGkukPTScMaxIC-inWDK7YCB5kW6atjHxodoKivJzZ58CT2L1NFWd8MDvKdLNBVPltWPzufDxvJD19K7XttFn6z_JY79Y20G4GgipSA5U4rlnjgN0dxo7iGyyUl1DwKmzfQzP5L'),(37,150,'f0w4TLp2R76QMNZlAphQk8:APA91bHjf7AZxLCAZmfiL592tyUVQbix3HxVBIv134E-ROj79LjPcXpeejTGHyo3ftCp4FbzkxsleHiP-dfFWxNSZ17IdkX1wkpuj9dSkdsugp5zIRq65ENwYVgUd4wlT-0LLdf-xEf8'),(38,152,'f0w4TLp2R76QMNZlAphQk8:APA91bHjf7AZxLCAZmfiL592tyUVQbix3HxVBIv134E-ROj79LjPcXpeejTGHyo3ftCp4FbzkxsleHiP-dfFWxNSZ17IdkX1wkpuj9dSkdsugp5zIRq65ENwYVgUd4wlT-0LLdf-xEf8'),(39,NULL,'fbnTtpWKSECLmn0QacgrA2:APA91bGN5YTiy_TTqDKAExMM-B2ATQpuwJ4Qc98GUciZ07YXk8_yfXoUCtIVpZvjNlYh7xL3WUIzSsysIOusqYIHzeiNaa0eLeCwWpsiE0nSXbCl-3YScJrnIEAUW0G45J6hULjobfk3'),(40,NULL,'fbnTtpWKSECLmn0QacgrA2:APA91bGN5YTiy_TTqDKAExMM-B2ATQpuwJ4Qc98GUciZ07YXk8_yfXoUCtIVpZvjNlYh7xL3WUIzSsysIOusqYIHzeiNaa0eLeCwWpsiE0nSXbCl-3YScJrnIEAUW0G45J6hULjobfk3'),(41,NULL,'fbnTtpWKSECLmn0QacgrA2:APA91bGN5YTiy_TTqDKAExMM-B2ATQpuwJ4Qc98GUciZ07YXk8_yfXoUCtIVpZvjNlYh7xL3WUIzSsysIOusqYIHzeiNaa0eLeCwWpsiE0nSXbCl-3YScJrnIEAUW0G45J6hULjobfk3'),(42,NULL,'fbnTtpWKSECLmn0QacgrA2:APA91bGN5YTiy_TTqDKAExMM-B2ATQpuwJ4Qc98GUciZ07YXk8_yfXoUCtIVpZvjNlYh7xL3WUIzSsysIOusqYIHzeiNaa0eLeCwWpsiE0nSXbCl-3YScJrnIEAUW0G45J6hULjobfk3'),(43,NULL,'fbnTtpWKSECLmn0QacgrA2:APA91bGN5YTiy_TTqDKAExMM-B2ATQpuwJ4Qc98GUciZ07YXk8_yfXoUCtIVpZvjNlYh7xL3WUIzSsysIOusqYIHzeiNaa0eLeCwWpsiE0nSXbCl-3YScJrnIEAUW0G45J6hULjobfk3'),(44,NULL,'f0w4TLp2R76QMNZlAphQk8:APA91bHjf7AZxLCAZmfiL592tyUVQbix3HxVBIv134E-ROj79LjPcXpeejTGHyo3ftCp4FbzkxsleHiP-dfFWxNSZ17IdkX1wkpuj9dSkdsugp5zIRq65ENwYVgUd4wlT-0LLdf-xEf8'),(45,NULL,'f0w4TLp2R76QMNZlAphQk8:APA91bHjf7AZxLCAZmfiL592tyUVQbix3HxVBIv134E-ROj79LjPcXpeejTGHyo3ftCp4FbzkxsleHiP-dfFWxNSZ17IdkX1wkpuj9dSkdsugp5zIRq65ENwYVgUd4wlT-0LLdf-xEf8'),(46,150,'f-sH9BjaSpqWSjWNjjgJ4u:APA91bGB9SPSRyTIGuZkjfIpk0GqmHTNQaf6NfG6EQ_w5pgn8X85PafK1F-OlTZ5BAHHkbFCHvn731DKqTqD4PF7hgySSqAKAupBDZiZG4XenJQ4OVUMLJd9OYvjBBy29wnGRFZM7MtX'),(47,185,'f-sH9BjaSpqWSjWNjjgJ4u:APA91bGB9SPSRyTIGuZkjfIpk0GqmHTNQaf6NfG6EQ_w5pgn8X85PafK1F-OlTZ5BAHHkbFCHvn731DKqTqD4PF7hgySSqAKAupBDZiZG4XenJQ4OVUMLJd9OYvjBBy29wnGRFZM7MtX'),(48,150,'f-sH9BjaSpqWSjWNjjgJ4u:APA91bGmCTjuBu4Z2LyNeM75N7sJqYVa3F3UC2EduiIKhRtCH_xXqh-H2lDo_4eBxKuUxG0riTKuT5pSPkhOFAN_98aq5PVdYF1hxavEMqb-B3xvPDhnxLfe4slhK9j9NofYKGYWuP3F'),(49,NULL,'f0w4TLp2R76QMNZlAphQk8:APA91bHjf7AZxLCAZmfiL592tyUVQbix3HxVBIv134E-ROj79LjPcXpeejTGHyo3ftCp4FbzkxsleHiP-dfFWxNSZ17IdkX1wkpuj9dSkdsugp5zIRq65ENwYVgUd4wlT-0LLdf-xEf8'),(50,NULL,'f0w4TLp2R76QMNZlAphQk8:APA91bHjf7AZxLCAZmfiL592tyUVQbix3HxVBIv134E-ROj79LjPcXpeejTGHyo3ftCp4FbzkxsleHiP-dfFWxNSZ17IdkX1wkpuj9dSkdsugp5zIRq65ENwYVgUd4wlT-0LLdf-xEf8'),(51,NULL,'f0w4TLp2R76QMNZlAphQk8:APA91bHjf7AZxLCAZmfiL592tyUVQbix3HxVBIv134E-ROj79LjPcXpeejTGHyo3ftCp4FbzkxsleHiP-dfFWxNSZ17IdkX1wkpuj9dSkdsugp5zIRq65ENwYVgUd4wlT-0LLdf-xEf8'),(52,NULL,'f0w4TLp2R76QMNZlAphQk8:APA91bHjf7AZxLCAZmfiL592tyUVQbix3HxVBIv134E-ROj79LjPcXpeejTGHyo3ftCp4FbzkxsleHiP-dfFWxNSZ17IdkX1wkpuj9dSkdsugp5zIRq65ENwYVgUd4wlT-0LLdf-xEf8'),(53,NULL,'f0w4TLp2R76QMNZlAphQk8:APA91bHjf7AZxLCAZmfiL592tyUVQbix3HxVBIv134E-ROj79LjPcXpeejTGHyo3ftCp4FbzkxsleHiP-dfFWxNSZ17IdkX1wkpuj9dSkdsugp5zIRq65ENwYVgUd4wlT-0LLdf-xEf8'),(54,NULL,'f0w4TLp2R76QMNZlAphQk8:APA91bHjf7AZxLCAZmfiL592tyUVQbix3HxVBIv134E-ROj79LjPcXpeejTGHyo3ftCp4FbzkxsleHiP-dfFWxNSZ17IdkX1wkpuj9dSkdsugp5zIRq65ENwYVgUd4wlT-0LLdf-xEf8'),(55,154,'f-sH9BjaSpqWSjWNjjgJ4u:APA91bE0tt153QXIDexGCQpQx0uhXkScBScPCLHEtVugK3KDFYLTm6eqLJsEF7XAFO4jSUZZLBXhPYKLioGRBK680bAn7Yh94nB1cm0hr9kmC2a19JUEIA-6drQ--X3IFQHzhbSTjlwf'),(56,154,'f-sH9BjaSpqWSjWNjjgJ4u:APA91bFSNKbqSmgbKNp_SIdUb2xIWeoce4qiSOwqNlaXHhRoeq-DteLRTOeHP_y6euQ-siDGbNXO7D6TGNpq7Wnjre612bxRyod103jPkwbOLXr6TiT8XVZ6DS6NF4yXbw3rKe2mml6l'),(57,154,'f-sH9BjaSpqWSjWNjjgJ4u:APA91bHzhTSC2Z5ZHuSnNfXMO8VmQ-jpTmhqhCEj6ADQV1ySEX_h0bByJr_HRCtb26v6tdCJOIgALR5hFC1nP7Lq5j1s2LM0LqyGfLBiQRUjvWPDye6jX9qxEuSHyOz3ABIJltYBS_gQ'),(58,154,'f-sH9BjaSpqWSjWNjjgJ4u:APA91bEEJaP3clpC2gGKQUuOxooucT_m5jNVtxokZQqoCM6pJlugBcqAV1_LFmzn8hu9SgGhg5NMH0fqnpw6GjgAtJ99x-Trs2FPTurxg_XG68FNTZHRfy3WkED5coKW-3SyrQp368As'),(59,150,'dwb6GZQoQfeIG4Bn-N7272:APA91bGvwt6zdEE9bseHW6DKgbEX30KPHMB2ylxi3ClYL_Er3tXq1JLlloKPllNPaJSX9Wil6L_dwGtyyh-WjfWZUK1OMGB-MSLJYujSw3AXOCeEZtH49VX-5PPmo8CPclQOqzUep8CN'),(60,186,'cdLGtKCNSpaFo_nGC3C7QN:APA91bGy0T2Tg5Ti9lNuM-v2xpJBT-9rBhq8nd0tfDh-gPTBw4J8Su8BvKyvTMFOUbBxFsJYgyUNOs5zMhzrql_E37t0r02TXyEQ5mcKr77QvGlanp9MvaV0nDWnP07VE4oE4oPPDpw2'),(61,187,'cdLGtKCNSpaFo_nGC3C7QN:APA91bGy0T2Tg5Ti9lNuM-v2xpJBT-9rBhq8nd0tfDh-gPTBw4J8Su8BvKyvTMFOUbBxFsJYgyUNOs5zMhzrql_E37t0r02TXyEQ5mcKr77QvGlanp9MvaV0nDWnP07VE4oE4oPPDpw2'),(62,152,'ePpY2RVkR_aKY1wmsmx5Z5:APA91bF9Yi73JCAppa61Dx14vj9uc6Ddadh36FRmtZBwJGqxjUyaB8rkUTg7isqhW1ibzSsHrFBs8bhxkUz0umqdU8aqUxBWnrs22Bu8dRhtMaubHb7gfogJioqKTmIUPFfLAwZPrmiW'),(63,152,'cNhEwWMYRKCX4lAuIoRd2Z:APA91bGjUb-hu1LUojQZgim-ARZXyt9QjmrQCaTUyPEfP_wJtBX9sjymM2CPLZ_ePsqz_NoYHID18MVVKX0hCujqyf9Mm8ZYlRAHsHWu14uL2krpVvlG3M7iYObaQ-43CfWcHsJkvTaw'),(64,152,'d7d0ggHnRaSnps2wUy8RfK:APA91bFny0kUpJLLcWa6kzKKm4V9ferthxCqg5Y5iS7U9PEPbG0yv-5MdSjis3ZQqAlVVE89RwRDoUvqXD13b5BO5LnvrIeUops8rn6pHXUoBHr-EUdmM7uKJGArRO0WEvNjROcXNbgl'),(65,152,'e9R9amr6Tl2HFdTtINI7R8:APA91bHGQhik3AFrecjwVP8GOJefk0vyryHJaI9JyiEezQGZWmM_QjnINM4P3Uzkc6a63EOP1_akOQTNbrs2y4n3BKZXR9at8PKU6qIks6Uo_uzXupGIr5I5-9PaY-EsaTa6Qlc5mgI5'),(66,152,'dzUbA3b7SdiIcJl4UPjU9I:APA91bFr2fDjXORYTG3DYDKEhJbFh2xh85aLCag-u3x_3wkEjyRYCRMqTp7pB2TcrJzqh5r2WYW4pmUebaVnOu8e9Pz6ze0E_muULC3cFItjrI3pz3FYZvx5UO5QHpDkJRJQV69KKne1'),(67,1719110310,'cyHQHm8hR6WxWS0yIU-q-P:APA91bFvOTQO_izR05kT84jAk_YM1w4IqY0i8axUv8d7OHDaGP7BWP6UxagGS_APw2PRYeE9AZNHQoOo-SAi9Gopuzzbe3fXKeDRwTkLn5SFeOkgHwCP91RsN_MmGAigrOGOdnyqvSCk'),(68,1719110310,'fdtxPCjqThaH8E-ksUDRn8:APA91bFuyiby88eTC24pkhpb9JeZMoQ6es07MDcqTh_voJtvEwVG2XOqSOtm9rBLLUQWVmOrXBnIj6MOfXnH0tostlZbp6Urf2astAMK5LnjzIJHlTNnQkt8PFphYNsjRMxIxNob8ZGO'),(69,152,'d_5BQXpbS9CrHFM0OJ8ovO:APA91bG59JV_JQQgf-6yBgSBJx0NyKNdgla9U9KAaPLmbnrXfgoWCv3BPMykF1avFtKZVTXpqTcoPT-Ahp0pKnnkbaubBOY6b1vnkzQQThIyVDG-4cPffJx-cvi1HtFmuwh6lOYpGkp1'),(70,152,'fomr7YLaRdqXZDY_M_-gnc:APA91bEVuNFUIfVWM0FXv6NrM41-S3zu20r3wEKQ4ZEEJHwiBhMRbK-wvX8GIvL0SpSrNb_FbQNPHj-XJ4hLwm79LEL1wIwi_XzXFF49lcqGz52GfUvITMrUlJGZaKxWmyUSm_t4pbvI'),(71,150,'fRzgS-_JRdOS00N51dgl7b:APA91bGse4yGHdfIZEuRmo6VqPi_9_vddnr94IereHGdYIFhOgBn3mu0yPRDQ0ERc0f-ptcFjlPht4ly5j58PMd_sPlF2LiQO6WlestzaSTR9J5IJnEKdFNWo3gSgiK17YlRZfHkJ1Mj'),(72,150,'fV7f5FVjSiqFtKcuFZ0cZ6:APA91bFrkBBXJAZ9cKzbGq62rA5SUzvkrabOmUNYn0S6nKt7JoQrMjWz65J6iTbGwDL3-pG4Z65kG1gkBi_ty5LEaETDGZcymSF4g6qtexIORQXuoh_s4wE7nh1WeCa6HRqHf4B89FMm'),(73,150,'f-thWzYCTIGdqqTSYAF1Io:APA91bEoSVHp2tbIEZFnVLg1K2r9TGgjdlMCQR5OjTFIm8llBbtprNjy_hm6oxK_mZJ5mPuaWlzZgNtox2GatvdrQjkcp45xx9Nnubu_PyEylR5ri_nHmF28Cn4r39v9wDjIhhCqzswp'),(74,150,'eLbCU-_MTmyLrv5JWlwHfr:APA91bHH0WldBEEs6UwDZWzWEL3wzpFsw5DnL9LVzZKvpI4ZaE-xmTYZlCQ9I9RabRNdXiLc_yTRH4p6gURO8gogJt9Gi8WdLrHezgS5wEqwpRZTD4eT6SJRGDO9V5Q2-dvtlS-quIn3'),(75,1719110312,'cpxBNMb9RsaCS45IuK5zZx:APA91bGceK-GAGs1QYUVN5FZVjIn3kfgZ1n8yqFlxYYwoWugvPiC9MoGgXJSsPhEnhlHorm-bRdJMV1DFGauLqVmSX8IYZYR1I1YTJL8X3Oao2lfkuWD-Hhpgm1cKhFq-1J0dKaTlZxI'),(76,1719110312,'f5NQTC_vSSSuaZkCuJBb0Y:APA91bFMY8OQTflZjg-yMqLhYlbx4nzXxzy9qCHfmLdDBt04x4pRwKxiBaWHg2FoTI7utV8OHbHoDneVrwyOAQpg8D7nQgc-YyHqKfOa6Nk8ypUpq1tDwIQnF47IMiP_kjbZISy1PqVd'),(77,1719110312,'cfdOCgwuQZezhgEffiyYlb:APA91bGmnx3KHkPUygyCUfGOcFR6dCizdAwIP-gppsgpszuJPMPwGRpPh-bVm_zpWt2jYOmi7w622WfMkqFQncuk_z-nJPfOATUvp_F_TrslytnH3H6-MIGh8ZkPQGRt2ReAhlcayjsR'),(78,1719110310,'dA1W1YwCQaCzfqHgzojY1Z:APA91bEG-MSgxYlcYgSHBJ6ynDkn_Aa6JhZlvFf8Q_vhOPKAPfvtZBWJG6BRMNmdhwI85QKGbQgeDvfhtyY_a8o_FWPVo3JDcKUJppNo6LUGp6csIltAPUkeb9bEsW51X5qmyMt3XlUW'),(79,1719110305,'eUmsN85TT3STBkdfrInb_A:APA91bF_RB-yW1AehAFDb0TBBytXADSmMyQKtHGvDhm06eD8bRdzki9ZAuytLQyliq72ndnoPJ5PgWS1d3N5HyTdrGXb6N1-NVZDAehwdH6ga1_n-_JHv3Bf0eWzYeCfIyjU9Ae8RKxf'),(80,1719110312,'dt0buCy4SBSPRpHNKRvN3X:APA91bFG0GHa3AwF0h8TUZVtIhRmnmCgFG4dBkvoTCUn7iMDlstFeXGQoaGkQbdaAKdJ2GjW5LjhsDsklr2ZEsSTAZ8Zu1dyDn5PlaOJt-yG2T5e1_MMsa_XAAk_QAG9ut_njhm-Lu8o'),(81,1719110310,'fVqsZHG6RXK--y1FHjlnBH:APA91bELo9czDEtzKsnrIETZlsIaA8Bo3DFIct72fm2x-jk0V6VJJTSW3nxHvyETgjMkuCD6I2o4gLAipd3lUDFi5l1IcXrs3m-xmJwM88HH3RK7qe5BpUHAyp313DBkDWMky9nv4Bf5'),(82,1719110312,'fARaH02FRrCX7eY5JMgE66:APA91bHU4cWmGujwgzgssLxvCDKhccngmFldMDJsSAZd_H0MWsCIJ3JHWkCI1uJXhTtQKeexweogYgOwbZco1VR_fOgqhq0mST-GKAeQnxAUfMuoxvQ7LBsX-5iQqnwKf3bsgtErmcH4'),(83,1719110311,'fVqsZHG6RXK--y1FHjlnBH:APA91bELo9czDEtzKsnrIETZlsIaA8Bo3DFIct72fm2x-jk0V6VJJTSW3nxHvyETgjMkuCD6I2o4gLAipd3lUDFi5l1IcXrs3m-xmJwM88HH3RK7qe5BpUHAyp313DBkDWMky9nv4Bf5'),(84,1719110310,'eUmsN85TT3STBkdfrInb_A:APA91bF_RB-yW1AehAFDb0TBBytXADSmMyQKtHGvDhm06eD8bRdzki9ZAuytLQyliq72ndnoPJ5PgWS1d3N5HyTdrGXb6N1-NVZDAehwdH6ga1_n-_JHv3Bf0eWzYeCfIyjU9Ae8RKxf'),(85,1719110305,'dzY6LndjSsugmPMOcEfU5T:APA91bHF5lNBpZkLRWV5BTpvINS-t7KlJLyVp-NDVYS20a5Qkad1sg6y1ycVF6NJUlB0O_MO5mVa3HiiJfe5JDSZMaJRO_JKtH-8hcJT0OQwV4WyD73fCIdwKDWgFYkILORGKJJrbUvA'),(86,NULL,'egjim-vlRYKefHXWZEMxR-:APA91bHRuy98txGKlgD4xi7Qmsnh7x2tNhC_4xExcU6OTV4cL2s9YQTrwGJiiICq7PzIDMYmGuVZ6VGydw2ydo3qu4enLNtKFJlpY88foRYcevyUn5quVcJ_tXbwddxe5UinqBody1Uc'),(87,NULL,'egjim-vlRYKefHXWZEMxR-:APA91bHRuy98txGKlgD4xi7Qmsnh7x2tNhC_4xExcU6OTV4cL2s9YQTrwGJiiICq7PzIDMYmGuVZ6VGydw2ydo3qu4enLNtKFJlpY88foRYcevyUn5quVcJ_tXbwddxe5UinqBody1Uc'),(88,NULL,'egjim-vlRYKefHXWZEMxR-:APA91bHRuy98txGKlgD4xi7Qmsnh7x2tNhC_4xExcU6OTV4cL2s9YQTrwGJiiICq7PzIDMYmGuVZ6VGydw2ydo3qu4enLNtKFJlpY88foRYcevyUn5quVcJ_tXbwddxe5UinqBody1Uc'),(89,NULL,'egjim-vlRYKefHXWZEMxR-:APA91bHRuy98txGKlgD4xi7Qmsnh7x2tNhC_4xExcU6OTV4cL2s9YQTrwGJiiICq7PzIDMYmGuVZ6VGydw2ydo3qu4enLNtKFJlpY88foRYcevyUn5quVcJ_tXbwddxe5UinqBody1Uc'),(90,1719110305,'c30AFvj0Ske2vYNoRifUra:APA91bE0frkz4Sb5KOjhiym3OeIpGj6wI0F20_W-DVzux2KmGtIYVHIZNb8uhky02P6yA3gXhihUTPu6bZAHS_0lO3ZE_7LNsUI53faLegWz7HvEw_-G-h44hAUKLV4OQ0dxJPdKqlic'),(91,1719110312,'dWtsphzeQaiohTTCiF9oMa:APA91bGWlIX6USQLemUEGxFc3AML7H8H5B_H_A4iDdkMpj1vFBxHGDnEPNBYIufxCwBtIMCpvQZYTFbPzP8f6vL1KUQl2nW9x_SGlbME2hDUeNIG3K76kVOKlesIwsgxh1O9tizFz8ly'),(92,1719110305,'fARaH02FRrCX7eY5JMgE66:APA91bHU4cWmGujwgzgssLxvCDKhccngmFldMDJsSAZd_H0MWsCIJ3JHWkCI1uJXhTtQKeexweogYgOwbZco1VR_fOgqhq0mST-GKAeQnxAUfMuoxvQ7LBsX-5iQqnwKf3bsgtErmcH4');

CREATE TABLE `ubicacion_usuario` (
  `idubicacion` int NOT NULL AUTO_INCREMENT,
  `idusuario` int NOT NULL,
  `ubi_latitud` varchar(100) NOT NULL,
  `ubi_longitud` varchar(100) NOT NULL,
  `ubi_fecha` datetime NOT NULL DEFAULT CURRENT_TIMESTAMP,
  `ubi_estado` varchar(1) NOT NULL DEFAULT 'A',
  PRIMARY KEY (`idubicacion`) USING BTREE,
  KEY `fk_usuario_idx` (`idusuario`) USING BTREE,
  CONSTRAINT `fk_usuariod` FOREIGN KEY (`idusuario`) REFERENCES `usuario` (`idusuario`)
) ENGINE=InnoDB AUTO_INCREMENT=106 DEFAULT CHARSET=utf8mb3 ROW_FORMAT=DYNAMIC;

INSERT INTO `ubicacion_usuario` VALUES (73,151,'19.9267483','-99.3453874','2021-04-14 06:30:10','A'),(75,152,'19.969185','-99.394702','2021-04-14 06:53:16','A'),(76,153,'19.9267566','-99.3454484','2021-04-14 21:30:11','A'),(77,156,'19.9267493','-99.3454511','2021-04-27 03:03:18','A'),(78,157,'19.9267963','-99.3454136','2021-04-27 05:54:51','A'),(79,158,'19.9267453','-99.345429','2021-04-27 06:13:01','A'),(80,150,'19.9267503','-99.3454444','2021-04-29 00:59:40','A'),(81,163,'19.9267319','-99.34543','2021-04-29 20:44:33','A'),(82,164,'19.437071','-99.2607159','2021-05-03 19:45:51','A'),(83,165,'19.4341113','-99.2512636','2021-05-03 19:56:48','A'),(84,166,'19.9266512','-99.3453918','2021-05-04 05:20:12','A'),(85,166,'19.9266512','-99.3453918','2021-05-04 05:22:09','A'),(86,167,'19.9266512','-99.3453918','2021-05-04 05:24:10','A'),(87,168,'19.9266512','-99.3453918','2021-05-04 05:25:43','A'),(88,169,'19.9267571','-99.3454303','2021-05-04 05:50:41','A'),(89,170,'19.9267708','-99.3454255','2021-05-04 05:55:22','A'),(90,171,'19.9267686','-99.3454236','2021-05-04 05:59:31','A'),(91,172,'19.9267679','-99.3454289','2021-05-04 06:05:41','A'),(92,172,'19.9267679','-99.3454289','2021-05-04 06:20:23','A'),(93,172,'19.9267679','-99.3454289','2021-05-04 06:25:30','A'),(94,150,'19.926774','-99.345418','2021-05-04 06:59:47','A'),(95,182,'19.9267715','-99.3454158','2021-05-05 05:47:57','A'),(96,183,'19.9267801','-99.3454227','2021-05-05 05:52:39','A'),(97,184,'19.9267625','-99.3454264','2021-05-05 05:58:00','A'),(98,185,'19.9267647','-99.3453921','2021-05-25 22:48:52','A'),(99,186,'19.926884','-99.3453501','2021-05-28 18:41:24','A'),(100,187,'19.9268364','-99.3453553','2021-05-28 18:48:11','A'),(101,1719110308,'20.0638045','-98.4220961','2021-11-03 12:34:57','A'),(102,1719110309,'20.0638045','-98.4220961','2021-11-03 12:35:24','A'),(103,1719110310,'20.0638045','-98.4220961','2021-11-03 12:35:54','A'),(104,1719110311,'20.0637361','-98.4220975','2021-11-04 23:16:09','A'),(105,1719110312,'20.0637361','-98.4220975','2021-11-04 23:16:40','A');


CREATE TABLE `usuario` (
  `idusuario` int NOT NULL AUTO_INCREMENT,
  `usNombres` varchar(100) DEFAULT NULL,
  `usPrimerApellido` varchar(100) DEFAULT NULL,
  `usSegundoApellido` varchar(100) DEFAULT NULL,
  `usFechaNac` date DEFAULT NULL,
  `usTelefono` varchar(10) DEFAULT NULL,
  `usCalle` varchar(45) DEFAULT NULL,
  `usNumero` varchar(10) DEFAULT NULL,
  `usCorreo` varchar(50) DEFAULT NULL,
  `usUsuario` varchar(50) DEFAULT NULL,
  `usContrasenia` varchar(50) DEFAULT NULL,
  `usEstado` varchar(1) DEFAULT 'A',
  `telegram` varchar(9) DEFAULT NULL,
  PRIMARY KEY (`idusuario`) USING BTREE
) ENGINE=InnoDB AUTO_INCREMENT=1719110315 DEFAULT CHARSET=utf8mb3 ROW_FORMAT=DYNAMIC;

INSERT INTO `usuario` VALUES (150,'LIZETH','GONZALEZ','ZARAGOZA','1998-04-25','7731204810','EMILIANO ZAPATA','S/N','mail@mail.com','LizethGZ','123456789','A','PENDIENTE'),(151,'CARLOS','HERNÁNDEZ ','CRUZ','0000-00-00','7731680316','EMILIANO ZAPATA','33','carlos@gmail.com','Carl','carlos','A','PENDIENTE'),(152,'ALMAX','ANGELES','JUAREZ','1998-10-03','7731526485','EMILIANO ZAPATA ','2','almax@gmail.com','Alma','123456789','A','PENDIENTE'),(153,'GLORIA','SÁNCHEZ ','RUIZ ','2021-04-14','7731205213','REFORMA AGRARIA ','6','gloria@gmail.com','gloria','gloria','A','PENDIENTE'),(154,'PATRICIO','JUAN','PEREZ','2004-06-11','7731245634','EMILIANO ZAPATA ','S/N','patitojuan@correo.com','patitojuan','enlaesquinadelsaguan','A','PENDIENTE'),(155,'PABLO','HERNÁNDEZ ','HERNÁNDEZ ','2021-04-26','8523184888','REFORMA AGRARIA','5','pablo@gmail.com','Pablo1','pablo','A','PENDIENTE'),(156,'ANTONIO','CRUZ','CRUZ','2009-03-18','4128804558','AV. TOLUCA','56','antoni@gmail.com','antony','ant','A','PENDIENTE'),(157,'FRANCISCO','PEREZ','GUTIÉRREZ','2009-03-18','7731204852','EMILIANO ZAPATA','2','paco@gmail.com','paco','paco','A','PENDIENTE'),(158,'A','A','B','1999-04-21','5707575404','REFORMA AGRARIA ','S/N','a@gmail.com','a','a','A','PENDIENTE'),(159,'ALEJANDRO','JUAREZ','SORIA','2007-02-13','7882284938','REFORMA ','67','ale@gmail.com','aleX','ale','A','PENDIENTE'),(160,'A','A','A','2021-04-29','5','H','H','h@g.com','a','a','A','PENDIENTE'),(161,'C','V','V','2021-04-29','5','G','H','v@g.com','a','a','A','PENDIENTE'),(162,'VIVI','BB','V','2021-04-29','558','V','V','v@g.comh','b','g','A','PENDIENTE'),(163,'ALEXIS','GONZÁLEZ ','CABALLERO','2004-12-10','7731280542','EMILIANO ZAPATA ','S/N','alexis@gmail.com','Alex','ale','A','BAJA'),(164,'PEDRO OMAR','QUIMI','REYES','1991-06-12','5610519592','SAN JUAN #5','5610519592','quimioedro@yahoo.com','omarking','12345','A','PENDIENTE'),(165,'KANITO','JENKINS','JENKINS','2021-05-03','5610519592','PUERTO RICO #6','6','quimipedro@yahoo.com','kanito','12345','A','BAJA'),(166,'ALFREDO','MARK','MARK','2021-05-04','7731268800','X','X','alfred@gmail.com','Alfred ','al','A','PENDIENTE'),(167,'SONIA','MARK','MARK','2021-05-04','7731268800','X','X','sonia@gmail.com','Sonia','son','A','PENDIENTE'),(168,'SCARLETT ','SALM','KLAR','2021-05-04','8754648056','R','4','scar@gmail.com','scar','sca','A','PENDIENTE'),(169,'ARMANDO','PEREZ','PEREZ','2021-05-04','8724684856','Y','5','arm@gmail.com','Arm','armando123','A','PENDIENTE'),(170,'ALONDRA','PERALTA','PERALTA','2021-04-28','8885755147','REFORMA ','S/N','alondra@gmail.com','Alondra','alondra1234','A','PENDIENTE'),(171,'N','N','N','2021-05-04','9754004967','AV. INSURGENTES ','S/N','n@gmail.com','n','nnnnnnnnn','A','ALTA'),(172,'A','S','D','2021-05-04','9754845490','HDHHD','2','f@gmail.com','T','123456789','A','PENDIENTE'),(173,'JUAN','CRUZ','CRUZ','1998-05-01','7731254875','VENUSTIANO','8','juanito@gmail.com','Juan','juan','A','PENDIENTE'),(174,'MARCOS','RESENDIZ','CRUZ','2021-05-04','5754846608','SALMOS','S/N','marcos@gmail.com','Marcos','marcos1234','A','PENDIENTE'),(175,'JUAN','CRUZ','CRUZ','1998-05-01','7731254875','VENUSTIANO','8','ju@gmail.com','Juan','juan','A','PENDIENTE'),(176,'ALF','DFR','DGCX','2021-05-06','9724008564','HDJDVD','4','alf@gmail.com','Alf','123456789','A','PENDIENTE'),(177,'ALF','DFR','DGCX','2021-05-06','9724008564','HDJDVD','4','aal@gmail.com','Alf','123456789','A','PENDIENTE'),(178,'JOSE JUAN','HERNANDEZ','CRUZ','1998-05-01','7731254875','VENUSTIANO','8','josejuan@gmail.com','Juan','juan','A','PENDIENTE'),(179,'S','A','S','2021-05-05','8757640496','HFG','S/N','s@gmail.com','hch','123456789','A','PENDIENTE'),(180,'JOSE JUAN','HERNANDEZ','CRUZ','1998-05-01','7731254875','VENUSTIANO','8','hola@gmail.com','Juan','juan','A','PENDIENTE'),(181,'S','A','S','2021-05-05','8757640496','HFG','S/N','ej@gmail.com','hch','123456789','A','PENDIENTE'),(182,'S','A','S','2021-05-05','8757640496','HFG','S/N','hhhh@gmail.com','hch','123456789','A','BAJA'),(183,'ADOLFO','INIESTA','PADILLA','1998-05-27','5561206462','AV. TOLUCA ','S/N','adolfo@gmail.com','Adolf','adolfo2705','A','PENDIENTE'),(184,'CLARA','FLORES','JESUS','2021-05-05','8524348846','FLORES','4','clara@gmail.com','Clara','clara12345','A','PENDIENTE'),(185,'JORGE ','FERNÁNDEZ','JUÁREZ ','2021-05-25','8542138059','EMILIO ZAPATA','S/N','jorge@gmail.com','Jorge ','jorge123;','A','ALTA'),(186,'MARÍA JOSÉ ','HERNÁNDEZ','HERNÁNDEZ','1986-05-16','7731255045','EMILIANO ZAPATA ','4','majo@gmail.com','MajoHH','majoHH123;','A','PENDIENTE'),(187,'JULIAN','PEREZ','JUAREZ','2010-03-17','7521387545','REFORMA AGRARIA ','S/N','julian@gmail.com','JulianPJ','julian123;','A','PENDIENTE'),(188,'Oscar','Rodriguez','Marin','1996-01-08','7757512623','Av Eje central','404','1719110304@utectulancingo.edu.mx','OscarRdz','12345','A','PENDIENTE'),(1719110305,'OSCAR','RDZ','MRN','2021-10-13','5665655558','GHHHVHH','GGGG','osc@mail.com','user123','123456789','A','PENDIENTE'),(1719110306,'OSC','RDZ','MRM','2021-10-11','1234567880','WDDFF','12','o@mail.com','user1234','123456789','A','ALTA'),(1719110307,'OSCAR ','RDZ','MARIN','2021-11-02','1234566777','DFGG','GG','123@mail.com','12345yyt','123456789','A','PENDIENTE'),(1719110308,'JÓVENES ','GG','B','2021-11-02','3444443666','EERF','WW','1@mail.com','122rr','123456789','A','PENDIENTE'),(1719110309,'JÓVENES ','GG','B','2021-11-02','3444443666','EERF','WW','321@mail.com','122rrtt','123456789','A','PENDIENTE'),(1719110310,'JÓVENES ','GG','B','2021-11-02','3444443666','EERF','WW','dav@mail.com','122rrtt4433','123456789','A','PENDIENTE'),(1719110311,'1','1','1','2021-11-02','1111111¹11','FFF','GWGEGE','o@m.com','12235gegeheheh','123456789','A','PENDIENTE'),(1719110312,'Osc','1','1','2021-11-02','1111111¹11','FFF','GWGEGE','osc@mail.coom','12235gegeheheh','123456789','A','PENDIENTE'),(1719110313,'21','4545','44545','2000-11-11','1021021232','15151515','151515','dadada@sdfdf.com','1212','123456789','A',NULL),(1719110314,'Arturo','Rdx','Luna','2007-01-01','1234567890','Av. Eje','5','art@mail.com','ArturoRdz','123456789','A','BAJA');

CREATE TABLE `usuario_colonia` (
  `idusuario_colonia` int NOT NULL AUTO_INCREMENT,
  `idColonia` int DEFAULT NULL,
  `idusuario` int DEFAULT NULL,
  `uscoEstado` varchar(1) CHARACTER SET utf8mb4 COLLATE utf8mb4_unicode_ci DEFAULT 'A',
  PRIMARY KEY (`idusuario_colonia`) USING BTREE,
  KEY `fkColonia` (`idColonia`) USING BTREE,
  KEY `fkUsuario` (`idusuario`) USING BTREE,
  CONSTRAINT `fkColonia` FOREIGN KEY (`idColonia`) REFERENCES `colonia` (`idColonia`),
  CONSTRAINT `fkUsuario` FOREIGN KEY (`idusuario`) REFERENCES `usuario` (`idusuario`)
) ENGINE=InnoDB AUTO_INCREMENT=75 DEFAULT CHARSET=utf8mb4 COLLATE=utf8mb4_unicode_ci ROW_FORMAT=DYNAMIC;

INSERT INTO `usuario_colonia` VALUES (28,20,151,'A'),(32,20,152,'A'),(33,21,153,'A'),(34,20,154,'A'),(35,12,155,'A'),(36,11,156,'A'),(37,6,153,'A'),(38,21,158,'A'),(39,8,159,'A'),(40,20,150,'A'),(41,3,163,'A'),(42,8,164,'A'),(43,8,165,'A'),(44,7,166,'A'),(45,7,166,'A'),(46,7,1719110312,'A'),(47,13,168,'A'),(48,12,1719110312,'A'),(49,5,170,'A'),(50,5,171,'A'),(51,4,172,'A'),(52,4,172,'A'),(53,4,172,'A'),(55,3,182,'A'),(56,10,183,'A'),(57,17,184,'A'),(58,4,185,'A'),(59,20,186,'A'),(60,17,187,'A'),(61,12,1719110308,'A'),(62,12,1719110309,'A'),(63,6,1719110310,'A'),(64,6,1719110311,'A'),(65,6,1719110312,'A'),(66,20,150,'A'),(67,20,150,'A'),(69,6,1719110306,'A'),(70,6,1719110307,'A'),(71,6,1719110305,'A'),(72,6,1719110309,'A'),(73,6,1719110308,'A'),(74,6,1719110314,'A');

DELIMITER ;;
CREATE DEFINER=`root`@`localhost` PROCEDURE `actualizarUsuario`(`Pnombre` VARCHAR(100), `PprimerApellido` VARCHAR(100), `PsegundoApellido` VARCHAR(100), `PfechaNac` DATE, `Ptelefono` VARCHAR(10), `Pcalle` VARCHAR(45), `Pnumero` VARCHAR(10), `Pcorreo` VARCHAR(50), `Pusuario` VARCHAR(50))
BEGIN 
    UPDATE usuario SET usNombres = UPPER(Pnombre), usPrimerApellido=UPPER(PprimerApellido), usSegundoApellido=UPPER(PsegundoApellido),usFechaNac=UPPER(PfechaNac),usTelefono=UPPER(Ptelefono),usCalle=UPPER(Pcalle),usNumero=UPPER(Pnumero),usUsuario=Pusuario WHERE usuario.usCorreo=Pcorreo;
    SELECT "Se actualizo el cliente con exito" as "Status";
END ;;
DELIMITER ;

DELIMITER ;;
CREATE DEFINER=`root`@`localhost` PROCEDURE `emitirAlerta`(IN `Pcorreo` VARCHAR(100), IN `Palerta` INT, IN `Plongitud` VARCHAR(100), IN `Platitud` VARCHAR(100))
BEGIN
DECLARE idUs INT DEFAULT 0;
SET idUs=(select usuario.idusuario from usuario where usuario.usCorreo=Pcorreo);
    INSERT alerta_emision VALUES(null,idUs,Palerta,Plongitud,Platitud,NOW(),'A');
    SELECT "Se registro la alerta" as "Status";
END ;;
DELIMITER ;

DELIMITER ;;
CREATE DEFINER=`root`@`localhost` PROCEDURE `guardarAtencion`(IN `Pemision` INT, IN `Pentidades` INT, IN `Pobservacion` VARCHAR(100))
BEGIN
    INSERT atencion_alerta VALUES(null,Pemision,Pentidades,Pobservacion,NOW(),'A');
		UPDATE alerta_emision SET alerta_emision.aler_estado = 'I' where alerta_emision.idemision_alerta=Pemision;
    SELECT "Se registro la atencion de alerta" as "Status";
END ;;
DELIMITER ;

DELIMITER ;;
CREATE DEFINER=`root`@`localhost` PROCEDURE `guardarColonia`(`Pcolonia` INT, `Pusuario` VARCHAR(100))
BEGIN
DECLARE idUs INT DEFAULT 0;
SET idUs=(select usuario.idusuario from usuario where usuario.usCorreo=Pusuario);
    INSERT usuario_colonia VALUES(null,Pcolonia,idUs,'A');
    SELECT "Se registro la colonia" as "Status";
END ;;
DELIMITER ;

DELIMITER ;;
CREATE DEFINER=`root`@`localhost` PROCEDURE `guardarRoles`(`Proles` INT, `Pusuario` VARCHAR(100))
BEGIN
DECLARE idUs INT DEFAULT 0;
SET idUs=(select usuario.idusuario from usuario where usuario.usCorreo=Pusuario);
    INSERT roles_usuario VALUES(null,Proles,idUs,'A');
    SELECT "Se registro la colonia" as "Status";
END ;;
DELIMITER ;

DELIMITER ;;
CREATE DEFINER=`root`@`localhost` PROCEDURE `guardarToken`(`Pusuario` VARCHAR(100), `Ptoken` VARCHAR(255))
BEGIN
DECLARE idUs INT DEFAULT 0;
SET idUs=(select usuario.idusuario from usuario where usuario.usCorreo=Pusuario);
IF EXISTS(SELECT token FROM token_usuario WHERE Ptoken=token_usuario.token and idUs=token_usuario.idusuario) THEN
  SELECT "El token ya existe" as "token";
  ELSE 
    INSERT token_usuario VALUES(null,idUs,Ptoken);
    SELECT "Se registro el token" as "Status";
END IF;
END ;;
DELIMITER ;

DELIMITER ;;
CREATE DEFINER=`root`@`localhost` PROCEDURE `guardarUbicación`(`Pusuario` VARCHAR(100), `Platitud` VARCHAR(100), `Plongitud` VARCHAR(100))
BEGIN
DECLARE idUs INT DEFAULT 0;
SET idUs=(select usuario.idusuario from usuario where usuario.usCorreo=Pusuario);
    INSERT ubicacion_usuario VALUES(null,idUs,Platitud,Plongitud,NOW(),'A');
    SELECT "Se registro la ubicación" as "Status";
END ;;
DELIMITER ;

DELIMITER ;;
CREATE DEFINER=`root`@`localhost` PROCEDURE `registrarUsuario`(IN `Pnombre` VARCHAR(100), IN `PprimerApellido` VARCHAR(100), IN `PsegundoApellido` VARCHAR(100), IN `PfechaNac` DATE, IN `Ptelefono` VARCHAR(10), IN `Pcalle` VARCHAR(45), IN `Pnumero` VARCHAR(10), IN `Pcorreo` VARCHAR(50), IN `Pusuario` VARCHAR(50), IN `Pcontrasenia` VARCHAR(50))
BEGIN
   IF EXISTS(SELECT usCorreo FROM usuario WHERE Pcorreo=usuario.usCorreo) THEN
  SELECT "El correo ya existe" as "correo";
  ELSE 
    INSERT usuario VALUES(null,UPPER(Pnombre),UPPER(PprimerApellido),UPPER(PsegundoApellido),UPPER(PfechaNac),UPPER(Ptelefono),UPPER(Pcalle),UPPER(Pnumero),LOWER(Pcorreo),Pusuario,Pcontrasenia,'A');
  SELECT "1" as "correo";
  END IF;
END ;;
DELIMITER ;

DELIMITER ;;
CREATE DEFINER=`root`@`localhost` PROCEDURE `ubicacionGuardada`(`Pcorreo` VARCHAR(100))
BEGIN
DECLARE idUs INT DEFAULT 0;
SET idUs=(select usuario.idusuario from usuario where usuario.usCorreo=Pcorreo);
    select ubi_latitud,ubi_longitud from ubicacion_usuario where idusuario=idUs;
END ;;
DELIMITER ;

DELIMITER ;;
CREATE DEFINER=`root`@`localhost` PROCEDURE `ubicacionGuardada1`(`PidUs` INT)
BEGIN
    select emision_alerta.aler_latitud,emision_alerta.aler_longitud from emision_alerta where idemision_alerta=PidUs;
END ;;
DELIMITER ;

DELIMITER ;;
CREATE DEFINER=`root`@`localhost` PROCEDURE `verContrasenia`(`Pcorreo` VARCHAR(100))
BEGIN
IF EXISTS(SELECT usCorreo FROM usuario WHERE Pcorreo=usCorreo) THEN
SELECT usContrasenia from usuario where usCorreo = Pcorreo;
ELSE 
SELECT "El correo no existe" as "correo";
END IF;
END ;;
DELIMITER ;

DELIMITER ;;
CREATE DEFINER=`root`@`localhost` PROCEDURE `verEU`(IN `Pusuario` VARCHAR(100))
BEGIN
SELECT alerta_emision.idemision_alerta, CONCAT_WS("||",tipo_alerta.tipoaler_descripcion, alerta_emision.aler_latitud,alerta_emision.aler_longitud,alerta_emision.aler_fecha) as alertasAC FROM alerta_emision INNER JOIN tipo_alerta ON alerta_emision.idtipo_alerta=tipo_alerta.idtipo_alerta where alerta_emision.idusuario=Pusuario and alerta_emision.aler_estado='A';
END ;;
DELIMITER ;

DELIMITER ;;
CREATE DEFINER=`root`@`localhost` PROCEDURE `verRoles`(`Pusuario` VARCHAR(100))
BEGIN
DECLARE idUs INT DEFAULT 0;
SET idUs=(select usuario.idusuario from usuario where usuario.usCorreo=Pusuario);
    SELECT * from roles_usuario where roles_usuario.idusuario=idUs;
END ;;
DELIMITER ;

DELIMITER ;;
CREATE DEFINER=`root`@`localhost` PROCEDURE `verToken`(`Pusuario` VARCHAR(100))
BEGIN
DECLARE idUs INT;
DECLARE idCol INT;
SET idUs = (select usuario.idusuario from usuario where usuario.usCorreo=Pusuario LIMIT 1);
SET idCol = (select usuario_colonia.idColonia from usuario_colonia where usuario_colonia.idusuario=idUs LIMIT 1); 
SELECT usuario.idusuario,token_usuario.token,usuario_colonia.idColonia FROM usuario INNER JOIN usuario_colonia ON usuario_colonia.idusuario=usuario.idusuario INNER JOIN token_usuario ON token_usuario.idusuario=usuario.idusuario where usuario_colonia.idColonia=idCol;
END ;;
DELIMITER ;

DELIMITER ;;
CREATE DEFINER=`root`@`localhost` PROCEDURE `verTokenn`(`Pusuario` VARCHAR(100))
BEGIN
DECLARE idUs INT DEFAULT 0;
DECLARE idCol INT DEFAULT 0;
SET idUs=(select usuario.idusuario from usuario where usuario.usCorreo=Pusuario);
SET idCol =(select usuario_colonia.idColonia from usuario_colonia where usuario_colonia.idusuario=idUs);
     select usuario.idusuario,token_usuario.token,usuario_colonia.idColonia FROM usuario INNER JOIN usuario_colonia ON usuario_colonia.idusuario=usuario.idusuario INNER JOIN token_usuario ON token_usuario.idusuario=usuario.idusuario where usuario_colonia.idColonia=idCol;
END ;;
DELIMITER ;

DELIMITER ;;
CREATE DEFINER=`root`@`localhost` PROCEDURE `verTokenUs`(`Pusuario` VARCHAR(100))
BEGIN
DECLARE idUs INT DEFAULT 0;
SET idUs=(select usuario.idusuario from usuario where usuario.usCorreo=Pusuario);
SELECT token from token_usuario where idusuario=idUs;
END ;;
DELIMITER ;

DELIMITER ;;
CREATE DEFINER=`root`@`localhost` PROCEDURE `verUC`(IN `Pusuario` VARCHAR(100) CHARSET utf8)
BEGIN
DECLARE idUs INT DEFAULT 0;
DECLARE idCol INT DEFAULT 0;
SET idUs=(select usuario.idusuario from usuario where usuario.usCorreo=Pusuario LIMIT 1);
SET idCol =(select usuario_colonia.idColonia from usuario_colonia where usuario_colonia.idusuario=idUs LIMIT 1);
    select usuario_colonia.idusuario_colonia,usuario_colonia.idColonia,usuario_colonia.idusuario,CONCAT_WS(' ',usuario.usNombres,usuario.usPrimerApellido,usuario.usSegundoApellido) as nombreC FROM usuario_colonia INNER JOIN usuario ON usuario_colonia.idusuario=usuario.idusuario where usuario_colonia.idColonia=idCol;
END ;;
DELIMITER ;
